Dosing,Data,Dose_Timing,Ref_ID,Temporal_ID,Time,Converted_Concentration,Metabolite,Dose_Amount,Dose_mg_daily,Dose_Binary,Feeding_State,Sex_Ratio,Sex_Binary,Age_Cont,Age_Binary,Weight,Number,Disease,Disease_Binary,Drug,Drug_Binary,Raw_Concentration,Raw_Units,Unit_Notes
Multiple,Single,"c(0, 24, 48)",4,56,48,160.5162,AlbSO,800,800,High,Fatty_meal,1,Male,34,Adult,NA,4,Onchocerciasis,Infected,IVM,Yes,160.5162,ug/l,"No conversion required. Ng --> ug = / 1000, l -> ml = *1000"
Multiple,Single,"c(0, 24, 48)",4,56,49,1497.18735,AlbSO,800,800,High,Fatty_meal,1,Male,34,Adult,NA,4,Onchocerciasis,Infected,IVM,Yes,1497.18735,ug/l,"No conversion required. Ng --> ug = / 1000, l -> ml = *1001"
Multiple,Single,"c(0, 24, 48)",4,56,50,1229.097725,AlbSO,800,800,High,Fatty_meal,1,Male,34,Adult,NA,4,Onchocerciasis,Infected,IVM,Yes,1229.097725,ug/l,"No conversion required. Ng --> ug = / 1000, l -> ml = *1002"
Multiple,Single,"c(0, 24, 48)",4,56,51,1826.425375,AlbSO,800,800,High,Fatty_meal,1,Male,34,Adult,NA,4,Onchocerciasis,Infected,IVM,Yes,1826.425375,ug/l,"No conversion required. Ng --> ug = / 1000, l -> ml = *1003"
Multiple,Single,"c(0, 24, 48)",4,56,52,1231.62245,AlbSO,800,800,High,Fatty_meal,1,Male,34,Adult,NA,4,Onchocerciasis,Infected,IVM,Yes,1231.62245,ug/l,"No conversion required. Ng --> ug = / 1000, l -> ml = *1004"
Multiple,Single,"c(0, 24, 48)",4,56,54,1404.84025,AlbSO,800,800,High,Fatty_meal,1,Male,34,Adult,NA,4,Onchocerciasis,Infected,IVM,Yes,1404.84025,ug/l,"No conversion required. Ng --> ug = / 1000, l -> ml = *1005"
Multiple,Single,"c(0, 24, 48)",4,56,56,481.45085,AlbSO,800,800,High,Fatty_meal,1,Male,34,Adult,NA,4,Onchocerciasis,Infected,IVM,Yes,481.45085,ug/l,"No conversion required. Ng --> ug = / 1000, l -> ml = *1006"
Multiple,Single,"c(0, 24, 48)",4,56,60,215.24125,AlbSO,800,800,High,Fatty_meal,1,Male,34,Adult,NA,4,Onchocerciasis,Infected,IVM,Yes,215.24125,ug/l,"No conversion required. Ng --> ug = / 1000, l -> ml = *1007"
Multiple,Single,"c(0, 24, 48)",4,56,72,205.074625,AlbSO,800,800,High,Fatty_meal,1,Male,34,Adult,NA,4,Onchocerciasis,Infected,IVM,Yes,205.074625,ug/l,"No conversion required. Ng --> ug = / 1000, l -> ml = *1008"
Multiple,Single,"c(0, 24, 48)",4,56,84,93.616175,AlbSO,800,800,High,Fatty_meal,1,Male,34,Adult,NA,4,Onchocerciasis,Infected,IVM,Yes,93.616175,ug/l,"No conversion required. Ng --> ug = / 1000, l -> ml = *1009"
Multiple,Single,"c(0, 24, 48)",4,56,96,115.917325,AlbSO,800,800,High,Fatty_meal,1,Male,34,Adult,NA,4,Onchocerciasis,Infected,IVM,Yes,115.917325,ug/l,"No conversion required. Ng --> ug = / 1000, l -> ml = *1010"
Multiple,Single,"c(0, 24, 48)",4,56,120,54.13435,AlbSO,800,800,High,Fatty_meal,1,Male,34,Adult,NA,4,Onchocerciasis,Infected,IVM,Yes,54.13435,ug/l,"No conversion required. Ng --> ug = / 1000, l -> ml = *1011"
Multiple,Single,"c(0, 24, 48)",4,56,144,59.237925,AlbSO,800,800,High,Fatty_meal,1,Male,34,Adult,NA,4,Onchocerciasis,Infected,IVM,Yes,59.237925,ug/l,"No conversion required. Ng --> ug = / 1000, l -> ml = *1012"
Multiple,Single,"c(0, 8, 16, 24, 32, 40, 48, 56, 64, 72, 80, 88, 96, 104, 112, 120, 128, 136, 144, 152, 160, 168)",5,57,168,1691.013462,Alb-SO,670,2010,High,Unclear,0.577777778,Mixture,39,Adult,67,90,Neurocysticercosis,Infected,None,None,1.691013462,ug/ml,ug -> ng = * 1000
Multiple,Single,"c(0, 8, 16, 24, 32, 40, 48, 56, 64, 72, 80, 88, 96, 104, 112, 120, 128, 136, 144, 152, 160, 168)",5,57,170,1623.577778,Alb-SO,670,2010,High,Unclear,0.577777778,Mixture,39,Adult,67,90,Neurocysticercosis,Infected,None,None,1.623577778,ug/ml,ug -> ng = * 1001
Multiple,Single,"c(0, 8, 16, 24, 32, 40, 48, 56, 64, 72, 80, 88, 96, 104, 112, 120, 128, 136, 144, 152, 160, 168)",5,57,171,1723.94375,Alb-SO,670,2010,High,Unclear,0.577777778,Mixture,39,Adult,67,90,Neurocysticercosis,Infected,None,None,1.72394375,ug/ml,ug -> ng = * 1002
Multiple,Single,"c(0, 8, 16, 24, 32, 40, 48, 56, 64, 72, 80, 88, 96, 104, 112, 120, 128, 136, 144, 152, 160, 168)",5,57,172,1484.756522,Alb-SO,670,2010,High,Unclear,0.577777778,Mixture,39,Adult,67,90,Neurocysticercosis,Infected,None,None,1.484756522,ug/ml,ug -> ng = * 1003
Multiple,Single,"c(0, 8, 16, 24, 32, 40, 48, 56, 64, 72, 80, 88, 96, 104, 112, 120, 128, 136, 144, 152, 160, 168)",5,57,173,1833.5,Alb-SO,670,2010,High,Unclear,0.577777778,Mixture,39,Adult,67,90,Neurocysticercosis,Infected,None,None,1.8335,ug/ml,ug -> ng = * 1004
Multiple,Single,"c(0, 8, 16, 24, 32, 40, 48, 56, 64, 72, 80, 88, 96, 104, 112, 120, 128, 136, 144, 152, 160, 168)",5,57,174,1478.978947,Alb-SO,670,2010,High,Unclear,0.577777778,Mixture,39,Adult,67,90,Neurocysticercosis,Infected,None,None,1.478978947,ug/ml,ug -> ng = * 1005
Multiple,Single,"c(0, 8, 16, 24, 32, 40, 48, 56, 64, 72, 80, 88, 96, 104, 112, 120, 128, 136, 144, 152, 160, 168)",5,57,176,1205.293333,Alb-SO,670,2010,High,Unclear,0.577777778,Mixture,39,Adult,67,90,Neurocysticercosis,Infected,None,None,1.205293333,ug/ml,ug -> ng = * 1006
Multiple,Single,"c(0, 12, 24, 36, 48, 60, 72, 84, 96, 108, 120, 132, 144, 156, 168, 180)",24,58,180,523.9525,Alb-SO,577.5,1155,High,Unclear,0.555555556,Mixture,37.9,Adult,77,9,Neurocysticercosis,Infected,None,None,523.9525,ng/ml,No conversion required
Multiple,Single,"c(0, 12, 24, 36, 48, 60, 72, 84, 96, 108, 120, 132, 144, 156, 168, 180)",24,58,181,679.7162,Alb-SO,577.5,1155,High,Unclear,0.555555556,Mixture,37.9,Adult,77,9,Neurocysticercosis,Infected,None,None,679.7162,ng/ml,No conversion required
Multiple,Single,"c(0, 12, 24, 36, 48, 60, 72, 84, 96, 108, 120, 132, 144, 156, 168, 180)",24,58,182,778.9223,Alb-SO,577.5,1155,High,Unclear,0.555555556,Mixture,37.9,Adult,77,9,Neurocysticercosis,Infected,None,None,778.9223,ng/ml,No conversion required
Multiple,Single,"c(0, 12, 24, 36, 48, 60, 72, 84, 96, 108, 120, 132, 144, 156, 168, 180)",24,58,183,816.7431,Alb-SO,577.5,1155,High,Unclear,0.555555556,Mixture,37.9,Adult,77,9,Neurocysticercosis,Infected,None,None,816.7431,ng/ml,No conversion required
Multiple,Single,"c(0, 12, 24, 36, 48, 60, 72, 84, 96, 108, 120, 132, 144, 156, 168, 180)",24,58,184,854.4915,Alb-SO,577.5,1155,High,Unclear,0.555555556,Mixture,37.9,Adult,77,9,Neurocysticercosis,Infected,None,None,854.4915,ng/ml,No conversion required
Multiple,Single,"c(0, 12, 24, 36, 48, 60, 72, 84, 96, 108, 120, 132, 144, 156, 168, 180)",24,58,185,932.3736,Alb-SO,577.5,1155,High,Unclear,0.555555556,Mixture,37.9,Adult,77,9,Neurocysticercosis,Infected,None,None,932.3736,ng/ml,No conversion required
Multiple,Single,"c(0, 12, 24, 36, 48, 60, 72, 84, 96, 108, 120, 132, 144, 156, 168, 180)",24,58,186,824.0163,Alb-SO,577.5,1155,High,Unclear,0.555555556,Mixture,37.9,Adult,77,9,Neurocysticercosis,Infected,None,None,824.0163,ng/ml,No conversion required
Multiple,Single,"c(0, 12, 24, 36, 48, 60, 72, 84, 96, 108, 120, 132, 144, 156, 168, 180)",24,58,187,706.8864,Alb-SO,577.5,1155,High,Unclear,0.555555556,Mixture,37.9,Adult,77,9,Neurocysticercosis,Infected,None,None,706.8864,ng/ml,No conversion required
Multiple,Single,"c(0, 12, 24, 36, 48, 60, 72, 84, 96, 108, 120, 132, 144, 156, 168, 180)",24,58,188,697.4182,Alb-SO,577.5,1155,High,Unclear,0.555555556,Mixture,37.9,Adult,77,9,Neurocysticercosis,Infected,None,None,697.4182,ng/ml,No conversion required
Multiple,Single,"c(0, 12, 24, 36, 48, 60, 72, 84, 96, 108, 120, 132, 144, 156, 168, 180)",24,58,189,586.4067,Alb-SO,577.5,1155,High,Unclear,0.555555556,Mixture,37.9,Adult,77,9,Neurocysticercosis,Infected,None,None,586.4067,ng/ml,No conversion required
Multiple,Single,"c(0, 12, 24, 36, 48, 60, 72, 84, 96, 108, 120, 132, 144, 156, 168, 180)",24,58,190,577.747,Alb-SO,577.5,1155,High,Unclear,0.555555556,Mixture,37.9,Adult,77,9,Neurocysticercosis,Infected,None,None,577.747,ng/ml,No conversion required
Multiple,Single,"c(0, 12, 24, 36, 48, 60, 72, 84, 96, 108, 120, 132, 144, 156, 168, 180)",24,58,191,479.5703,Alb-SO,577.5,1155,High,Unclear,0.555555556,Mixture,37.9,Adult,77,9,Neurocysticercosis,Infected,None,None,479.5703,ng/ml,No conversion required
Multiple,Single,"c(0, 12, 24, 36, 48, 60, 72, 84, 96, 108, 120, 132, 144, 156, 168, 180)",24,58,192,430.0389,Alb-SO,577.5,1155,High,Unclear,0.555555556,Mixture,37.9,Adult,77,9,Neurocysticercosis,Infected,None,None,430.0389,ng/ml,No conversion required
Multiple,Single,"c(0, 12, 24, 36, 48, 60, 72, 84, 96, 108, 120, 132, 144, 156, 168, 180)",24,59,180,191.4185,Alb-SO,489.75,979.5,High,Unclear,0.444444444,Mixture,35.4,Adult,65.3,9,Neurocysticercosis,Infected,Phenytoin,Yes,191.4185,ng/ml,No conversion required
Multiple,Single,"c(0, 12, 24, 36, 48, 60, 72, 84, 96, 108, 120, 132, 144, 156, 168, 180)",24,59,181,199.9276,Alb-SO,489.75,979.5,High,Unclear,0.444444444,Mixture,35.4,Adult,65.3,9,Neurocysticercosis,Infected,Phenytoin,Yes,199.9276,ng/ml,No conversion required
Multiple,Single,"c(0, 12, 24, 36, 48, 60, 72, 84, 96, 108, 120, 132, 144, 156, 168, 180)",24,59,182,258.6785,Alb-SO,489.75,979.5,High,Unclear,0.444444444,Mixture,35.4,Adult,65.3,9,Neurocysticercosis,Infected,Phenytoin,Yes,258.6785,ng/ml,No conversion required
Multiple,Single,"c(0, 12, 24, 36, 48, 60, 72, 84, 96, 108, 120, 132, 144, 156, 168, 180)",24,59,183,290.8054,Alb-SO,489.75,979.5,High,Unclear,0.444444444,Mixture,35.4,Adult,65.3,9,Neurocysticercosis,Infected,Phenytoin,Yes,290.8054,ng/ml,No conversion required
Multiple,Single,"c(0, 12, 24, 36, 48, 60, 72, 84, 96, 108, 120, 132, 144, 156, 168, 180)",24,59,184,276.2523,Alb-SO,489.75,979.5,High,Unclear,0.444444444,Mixture,35.4,Adult,65.3,9,Neurocysticercosis,Infected,Phenytoin,Yes,276.2523,ng/ml,No conversion required
Multiple,Single,"c(0, 12, 24, 36, 48, 60, 72, 84, 96, 108, 120, 132, 144, 156, 168, 180)",24,59,185,254.0628,Alb-SO,489.75,979.5,High,Unclear,0.444444444,Mixture,35.4,Adult,65.3,9,Neurocysticercosis,Infected,Phenytoin,Yes,254.0628,ng/ml,No conversion required
Multiple,Single,"c(0, 12, 24, 36, 48, 60, 72, 84, 96, 108, 120, 132, 144, 156, 168, 180)",24,59,186,250.1528,Alb-SO,489.75,979.5,High,Unclear,0.444444444,Mixture,35.4,Adult,65.3,9,Neurocysticercosis,Infected,Phenytoin,Yes,250.1528,ng/ml,No conversion required
Multiple,Single,"c(0, 12, 24, 36, 48, 60, 72, 84, 96, 108, 120, 132, 144, 156, 168, 180)",24,59,187,184.2923,Alb-SO,489.75,979.5,High,Unclear,0.444444444,Mixture,35.4,Adult,65.3,9,Neurocysticercosis,Infected,Phenytoin,Yes,184.2923,ng/ml,No conversion required
Multiple,Single,"c(0, 12, 24, 36, 48, 60, 72, 84, 96, 108, 120, 132, 144, 156, 168, 180)",24,59,188,184.5975,Alb-SO,489.75,979.5,High,Unclear,0.444444444,Mixture,35.4,Adult,65.3,9,Neurocysticercosis,Infected,Phenytoin,Yes,184.5975,ng/ml,No conversion required
Multiple,Single,"c(0, 12, 24, 36, 48, 60, 72, 84, 96, 108, 120, 132, 144, 156, 168, 180)",24,59,189,148.1194,Alb-SO,489.75,979.5,High,Unclear,0.444444444,Mixture,35.4,Adult,65.3,9,Neurocysticercosis,Infected,Phenytoin,Yes,148.1194,ng/ml,No conversion required
Multiple,Single,"c(0, 12, 24, 36, 48, 60, 72, 84, 96, 108, 120, 132, 144, 156, 168, 180)",24,59,190,124.9737,Alb-SO,489.75,979.5,High,Unclear,0.444444444,Mixture,35.4,Adult,65.3,9,Neurocysticercosis,Infected,Phenytoin,Yes,124.9737,ng/ml,No conversion required
Multiple,Single,"c(0, 12, 24, 36, 48, 60, 72, 84, 96, 108, 120, 132, 144, 156, 168, 180)",24,59,191,112.3471,Alb-SO,489.75,979.5,High,Unclear,0.444444444,Mixture,35.4,Adult,65.3,9,Neurocysticercosis,Infected,Phenytoin,Yes,112.3471,ng/ml,No conversion required
Multiple,Single,"c(0, 12, 24, 36, 48, 60, 72, 84, 96, 108, 120, 132, 144, 156, 168, 180)",24,59,192,79.7913,Alb-SO,489.75,979.5,High,Unclear,0.444444444,Mixture,35.4,Adult,65.3,9,Neurocysticercosis,Infected,Phenytoin,Yes,79.7913,ng/ml,No conversion required
Multiple,Single,"c(0, 12, 24, 36, 48, 60, 72, 84, 96, 108, 120, 132, 144, 156, 168, 180)",24,60,180,218.1523,Alb-SO,444.75,889.5,High,Unclear,0.333333333,Mixture,30.1,Adult,59.3,9,Neurocysticercosis,Infected,Carbamazepine,Yes,218.1523,ng/ml,No conversion required
Multiple,Single,"c(0, 12, 24, 36, 48, 60, 72, 84, 96, 108, 120, 132, 144, 156, 168, 180)",24,60,181,277.9713,Alb-SO,444.75,889.5,High,Unclear,0.333333333,Mixture,30.1,Adult,59.3,9,Neurocysticercosis,Infected,Carbamazepine,Yes,277.9713,ng/ml,No conversion required
Multiple,Single,"c(0, 12, 24, 36, 48, 60, 72, 84, 96, 108, 120, 132, 144, 156, 168, 180)",24,60,182,368.0982,Alb-SO,444.75,889.5,High,Unclear,0.333333333,Mixture,30.1,Adult,59.3,9,Neurocysticercosis,Infected,Carbamazepine,Yes,368.0982,ng/ml,No conversion required
Multiple,Single,"c(0, 12, 24, 36, 48, 60, 72, 84, 96, 108, 120, 132, 144, 156, 168, 180)",24,60,183,419.0719,Alb-SO,444.75,889.5,High,Unclear,0.333333333,Mixture,30.1,Adult,59.3,9,Neurocysticercosis,Infected,Carbamazepine,Yes,419.0719,ng/ml,No conversion required
Multiple,Single,"c(0, 12, 24, 36, 48, 60, 72, 84, 96, 108, 120, 132, 144, 156, 168, 180)",24,60,184,442.1079,Alb-SO,444.75,889.5,High,Unclear,0.333333333,Mixture,30.1,Adult,59.3,9,Neurocysticercosis,Infected,Carbamazepine,Yes,442.1079,ng/ml,No conversion required
Multiple,Single,"c(0, 12, 24, 36, 48, 60, 72, 84, 96, 108, 120, 132, 144, 156, 168, 180)",24,60,185,392.3953,Alb-SO,444.75,889.5,High,Unclear,0.333333333,Mixture,30.1,Adult,59.3,9,Neurocysticercosis,Infected,Carbamazepine,Yes,392.3953,ng/ml,No conversion required
Multiple,Single,"c(0, 12, 24, 36, 48, 60, 72, 84, 96, 108, 120, 132, 144, 156, 168, 180)",24,60,186,370.8161,Alb-SO,444.75,889.5,High,Unclear,0.333333333,Mixture,30.1,Adult,59.3,9,Neurocysticercosis,Infected,Carbamazepine,Yes,370.8161,ng/ml,No conversion required
Multiple,Single,"c(0, 12, 24, 36, 48, 60, 72, 84, 96, 108, 120, 132, 144, 156, 168, 180)",24,60,187,338.2195,Alb-SO,444.75,889.5,High,Unclear,0.333333333,Mixture,30.1,Adult,59.3,9,Neurocysticercosis,Infected,Carbamazepine,Yes,338.2195,ng/ml,No conversion required
Multiple,Single,"c(0, 12, 24, 36, 48, 60, 72, 84, 96, 108, 120, 132, 144, 156, 168, 180)",24,60,188,259.8563,Alb-SO,444.75,889.5,High,Unclear,0.333333333,Mixture,30.1,Adult,59.3,9,Neurocysticercosis,Infected,Carbamazepine,Yes,259.8563,ng/ml,No conversion required
Multiple,Single,"c(0, 12, 24, 36, 48, 60, 72, 84, 96, 108, 120, 132, 144, 156, 168, 180)",24,60,189,251.7357,Alb-SO,444.75,889.5,High,Unclear,0.333333333,Mixture,30.1,Adult,59.3,9,Neurocysticercosis,Infected,Carbamazepine,Yes,251.7357,ng/ml,No conversion required
Multiple,Single,"c(0, 12, 24, 36, 48, 60, 72, 84, 96, 108, 120, 132, 144, 156, 168, 180)",24,60,190,218.8055,Alb-SO,444.75,889.5,High,Unclear,0.333333333,Mixture,30.1,Adult,59.3,9,Neurocysticercosis,Infected,Carbamazepine,Yes,218.8055,ng/ml,No conversion required
Multiple,Single,"c(0, 12, 24, 36, 48, 60, 72, 84, 96, 108, 120, 132, 144, 156, 168, 180)",24,60,191,175.0631,Alb-SO,444.75,889.5,High,Unclear,0.333333333,Mixture,30.1,Adult,59.3,9,Neurocysticercosis,Infected,Carbamazepine,Yes,175.0631,ng/ml,No conversion required
Multiple,Single,"c(0, 12, 24, 36, 48, 60, 72, 84, 96, 108, 120, 132, 144, 156, 168, 180)",24,60,192,137.1021,Alb-SO,444.75,889.5,High,Unclear,0.333333333,Mixture,30.1,Adult,59.3,9,Neurocysticercosis,Infected,Carbamazepine,Yes,137.1021,ng/ml,No conversion required
Multiple,Single,"c(0, 12, 24, 36, 48, 60, 72, 84, 96, 108, 120, 132, 144, 156, 168, 180)",24,61,180,169.9489,Alb-SO,535.5,1071,High,Unclear,0.6,Mixture,38.9,Adult,71.4,5,Neurocysticercosis,Infected,Phenobarbital,Yes,169.9489,ng/ml,No conversion required
Multiple,Single,"c(0, 12, 24, 36, 48, 60, 72, 84, 96, 108, 120, 132, 144, 156, 168, 180)",24,61,181,273.3366,Alb-SO,535.5,1071,High,Unclear,0.6,Mixture,38.9,Adult,71.4,5,Neurocysticercosis,Infected,Phenobarbital,Yes,273.3366,ng/ml,No conversion required
Multiple,Single,"c(0, 12, 24, 36, 48, 60, 72, 84, 96, 108, 120, 132, 144, 156, 168, 180)",24,61,182,365.8762,Alb-SO,535.5,1071,High,Unclear,0.6,Mixture,38.9,Adult,71.4,5,Neurocysticercosis,Infected,Phenobarbital,Yes,365.8762,ng/ml,No conversion required
Multiple,Single,"c(0, 12, 24, 36, 48, 60, 72, 84, 96, 108, 120, 132, 144, 156, 168, 180)",24,61,183,384.7804,Alb-SO,535.5,1071,High,Unclear,0.6,Mixture,38.9,Adult,71.4,5,Neurocysticercosis,Infected,Phenobarbital,Yes,384.7804,ng/ml,No conversion required
Multiple,Single,"c(0, 12, 24, 36, 48, 60, 72, 84, 96, 108, 120, 132, 144, 156, 168, 180)",24,61,184,406.4431,Alb-SO,535.5,1071,High,Unclear,0.6,Mixture,38.9,Adult,71.4,5,Neurocysticercosis,Infected,Phenobarbital,Yes,406.4431,ng/ml,No conversion required
Multiple,Single,"c(0, 12, 24, 36, 48, 60, 72, 84, 96, 108, 120, 132, 144, 156, 168, 180)",24,61,185,324.1196,Alb-SO,535.5,1071,High,Unclear,0.6,Mixture,38.9,Adult,71.4,5,Neurocysticercosis,Infected,Phenobarbital,Yes,324.1196,ng/ml,No conversion required
Multiple,Single,"c(0, 12, 24, 36, 48, 60, 72, 84, 96, 108, 120, 132, 144, 156, 168, 180)",24,61,186,246.3714,Alb-SO,535.5,1071,High,Unclear,0.6,Mixture,38.9,Adult,71.4,5,Neurocysticercosis,Infected,Phenobarbital,Yes,246.3714,ng/ml,No conversion required
Multiple,Single,"c(0, 12, 24, 36, 48, 60, 72, 84, 96, 108, 120, 132, 144, 156, 168, 180)",24,61,187,212.8451,Alb-SO,535.5,1071,High,Unclear,0.6,Mixture,38.9,Adult,71.4,5,Neurocysticercosis,Infected,Phenobarbital,Yes,212.8451,ng/ml,No conversion required
Multiple,Single,"c(0, 12, 24, 36, 48, 60, 72, 84, 96, 108, 120, 132, 144, 156, 168, 180)",24,61,188,190.8773,Alb-SO,535.5,1071,High,Unclear,0.6,Mixture,38.9,Adult,71.4,5,Neurocysticercosis,Infected,Phenobarbital,Yes,190.8773,ng/ml,No conversion required
Multiple,Single,"c(0, 12, 24, 36, 48, 60, 72, 84, 96, 108, 120, 132, 144, 156, 168, 180)",24,61,189,159.7351,Alb-SO,535.5,1071,High,Unclear,0.6,Mixture,38.9,Adult,71.4,5,Neurocysticercosis,Infected,Phenobarbital,Yes,159.7351,ng/ml,No conversion required
Multiple,Single,"c(0, 12, 24, 36, 48, 60, 72, 84, 96, 108, 120, 132, 144, 156, 168, 180)",24,61,190,105.0159,Alb-SO,535.5,1071,High,Unclear,0.6,Mixture,38.9,Adult,71.4,5,Neurocysticercosis,Infected,Phenobarbital,Yes,105.0159,ng/ml,No conversion required
Multiple,Single,"c(0, 12, 24, 36, 48, 60, 72, 84, 96, 108, 120, 132, 144, 156, 168, 180)",24,61,191,97.2959,Alb-SO,535.5,1071,High,Unclear,0.6,Mixture,38.9,Adult,71.4,5,Neurocysticercosis,Infected,Phenobarbital,Yes,97.2959,ng/ml,No conversion required
Multiple,Single,"c(0, 12, 24, 36, 48, 60, 72, 84, 96, 108, 120, 132, 144, 156, 168, 180)",24,61,192,82.2446,Alb-SO,535.5,1071,High,Unclear,0.6,Mixture,38.9,Adult,71.4,5,Neurocysticercosis,Infected,Phenobarbital,Yes,82.2446,ng/ml,No conversion required
Multiple,Single,"c(0, 8, 16, 24, 32, 40, 48, 56, 64, 72, 80, 88, 96, 104, 112, 120, 128, 136, 144, 152, 160, 168, 176, 184)",28,62,184,204.3498,Alb-SO,320,960,High,Unclear,0.5,Mixture,41,Adult,64,18,Neurocysticercosis,Infected,Various Epileptic Drugs,Yes,204.3498,ng/ml,No conversion required
Multiple,Single,"c(0, 8, 16, 24, 32, 40, 48, 56, 64, 72, 80, 88, 96, 104, 112, 120, 128, 136, 144, 152, 160, 168, 176, 184)",28,62,184.5,234.2539,Alb-SO,320,960,High,Unclear,0.5,Mixture,41,Adult,64,18,Neurocysticercosis,Infected,Various Epileptic Drugs,Yes,234.2539,ng/ml,No conversion required
Multiple,Single,"c(0, 8, 16, 24, 32, 40, 48, 56, 64, 72, 80, 88, 96, 104, 112, 120, 128, 136, 144, 152, 160, 168, 176, 184)",28,62,185,273.8325,Alb-SO,320,960,High,Unclear,0.5,Mixture,41,Adult,64,18,Neurocysticercosis,Infected,Various Epileptic Drugs,Yes,273.8325,ng/ml,No conversion required
Multiple,Single,"c(0, 8, 16, 24, 32, 40, 48, 56, 64, 72, 80, 88, 96, 104, 112, 120, 128, 136, 144, 152, 160, 168, 176, 184)",28,62,185.5,297.8853,Alb-SO,320,960,High,Unclear,0.5,Mixture,41,Adult,64,18,Neurocysticercosis,Infected,Various Epileptic Drugs,Yes,297.8853,ng/ml,No conversion required
Multiple,Single,"c(0, 8, 16, 24, 32, 40, 48, 56, 64, 72, 80, 88, 96, 104, 112, 120, 128, 136, 144, 152, 160, 168, 176, 184)",28,62,186,326.1147,Alb-SO,320,960,High,Unclear,0.5,Mixture,41,Adult,64,18,Neurocysticercosis,Infected,Various Epileptic Drugs,Yes,326.1147,ng/ml,No conversion required
Multiple,Single,"c(0, 8, 16, 24, 32, 40, 48, 56, 64, 72, 80, 88, 96, 104, 112, 120, 128, 136, 144, 152, 160, 168, 176, 184)",28,62,187,306.0076,Alb-SO,320,960,High,Unclear,0.5,Mixture,41,Adult,64,18,Neurocysticercosis,Infected,Various Epileptic Drugs,Yes,306.0076,ng/ml,No conversion required
Multiple,Single,"c(0, 8, 16, 24, 32, 40, 48, 56, 64, 72, 80, 88, 96, 104, 112, 120, 128, 136, 144, 152, 160, 168, 176, 184)",28,62,188,270.9296,Alb-SO,320,960,High,Unclear,0.5,Mixture,41,Adult,64,18,Neurocysticercosis,Infected,Various Epileptic Drugs,Yes,270.9296,ng/ml,No conversion required
Multiple,Single,"c(0, 8, 16, 24, 32, 40, 48, 56, 64, 72, 80, 88, 96, 104, 112, 120, 128, 136, 144, 152, 160, 168, 176, 184)",28,62,189,235.0689,Alb-SO,320,960,High,Unclear,0.5,Mixture,41,Adult,64,18,Neurocysticercosis,Infected,Various Epileptic Drugs,Yes,235.0689,ng/ml,No conversion required
Multiple,Single,"c(0, 8, 16, 24, 32, 40, 48, 56, 64, 72, 80, 88, 96, 104, 112, 120, 128, 136, 144, 152, 160, 168, 176, 184)",28,62,190,205.1829,Alb-SO,320,960,High,Unclear,0.5,Mixture,41,Adult,64,18,Neurocysticercosis,Infected,Various Epileptic Drugs,Yes,205.1829,ng/ml,No conversion required
Multiple,Single,"c(0, 8, 16, 24, 32, 40, 48, 56, 64, 72, 80, 88, 96, 104, 112, 120, 128, 136, 144, 152, 160, 168, 176, 184)",28,62,191,174.1865,Alb-SO,320,960,High,Unclear,0.5,Mixture,41,Adult,64,18,Neurocysticercosis,Infected,Various Epileptic Drugs,Yes,174.1865,ng/ml,No conversion required
Multiple,Single,"c(0, 8, 16, 24, 32, 40, 48, 56, 64, 72, 80, 88, 96, 104, 112, 120, 128, 136, 144, 152, 160, 168, 176, 184)",28,62,192,158.8352,Alb-SO,320,960,High,Unclear,0.5,Mixture,41,Adult,64,18,Neurocysticercosis,Infected,Various Epileptic Drugs,Yes,158.8352,ng/ml,No conversion required
Multiple,Single,"c(0, 8, 16, 24, 32, 40, 48, 56, 64, 72, 80, 88, 96, 104, 112, 120, 128, 136, 144, 152, 160, 168, 176, 184)",28,62,194,121.5131,Alb-SO,320,960,High,Unclear,0.5,Mixture,41,Adult,64,18,Neurocysticercosis,Infected,Various Epileptic Drugs,Yes,121.5131,ng/ml,No conversion required
Multiple,Single,"c(0, 8, 16, 24, 32, 40, 48, 56, 64, 72, 80, 88, 96, 104, 112, 120, 128, 136, 144, 152, 160, 168, 176, 184)",28,62,196,91.921,Alb-SO,320,960,High,Unclear,0.5,Mixture,41,Adult,64,18,Neurocysticercosis,Infected,Various Epileptic Drugs,Yes,91.921,ng/ml,No conversion required
Multiple,Single,"c(0, 12, 24, 36, 48, 60, 72, 84, 96, 108, 120, 132, 144, 156, 168, 180)",46,63,180,330.5847,Alb-SO,723.75,1447.5,High,Unclear,0.5,Mixture,34,Adult,97,12,Neurocysticercosis,Infected,Various Epileptic Drugs,Yes,330.5847,ng/ml,No conversion required
Multiple,Single,"c(0, 12, 24, 36, 48, 60, 72, 84, 96, 108, 120, 132, 144, 156, 168, 180)",46,63,181,382.4906,Alb-SO,723.75,1447.5,High,Unclear,0.5,Mixture,34,Adult,97,12,Neurocysticercosis,Infected,Various Epileptic Drugs,Yes,382.4906,ng/ml,No conversion required
Multiple,Single,"c(0, 12, 24, 36, 48, 60, 72, 84, 96, 108, 120, 132, 144, 156, 168, 180)",46,63,182,503.9641,Alb-SO,723.75,1447.5,High,Unclear,0.5,Mixture,34,Adult,97,12,Neurocysticercosis,Infected,Various Epileptic Drugs,Yes,503.9641,ng/ml,No conversion required
Multiple,Single,"c(0, 12, 24, 36, 48, 60, 72, 84, 96, 108, 120, 132, 144, 156, 168, 180)",46,63,183,469.5413,Alb-SO,723.75,1447.5,High,Unclear,0.5,Mixture,34,Adult,97,12,Neurocysticercosis,Infected,Various Epileptic Drugs,Yes,469.5413,ng/ml,No conversion required
Multiple,Single,"c(0, 12, 24, 36, 48, 60, 72, 84, 96, 108, 120, 132, 144, 156, 168, 180)",46,63,184,481.8671,Alb-SO,723.75,1447.5,High,Unclear,0.5,Mixture,34,Adult,97,12,Neurocysticercosis,Infected,Various Epileptic Drugs,Yes,481.8671,ng/ml,No conversion required
Multiple,Single,"c(0, 12, 24, 36, 48, 60, 72, 84, 96, 108, 120, 132, 144, 156, 168, 180)",46,63,185,555.6875,Alb-SO,723.75,1447.5,High,Unclear,0.5,Mixture,34,Adult,97,12,Neurocysticercosis,Infected,Various Epileptic Drugs,Yes,555.6875,ng/ml,No conversion required
Multiple,Single,"c(0, 12, 24, 36, 48, 60, 72, 84, 96, 108, 120, 132, 144, 156, 168, 180)",46,63,186,371.083,Alb-SO,723.75,1447.5,High,Unclear,0.5,Mixture,34,Adult,97,12,Neurocysticercosis,Infected,Various Epileptic Drugs,Yes,371.083,ng/ml,No conversion required
Multiple,Single,"c(0, 12, 24, 36, 48, 60, 72, 84, 96, 108, 120, 132, 144, 156, 168, 180)",46,63,187,389.1087,Alb-SO,723.75,1447.5,High,Unclear,0.5,Mixture,34,Adult,97,12,Neurocysticercosis,Infected,Various Epileptic Drugs,Yes,389.1087,ng/ml,No conversion required
Multiple,Single,"c(0, 12, 24, 36, 48, 60, 72, 84, 96, 108, 120, 132, 144, 156, 168, 180)",46,63,188,344.9391,Alb-SO,723.75,1447.5,High,Unclear,0.5,Mixture,34,Adult,97,12,Neurocysticercosis,Infected,Various Epileptic Drugs,Yes,344.9391,ng/ml,No conversion required
Multiple,Single,"c(0, 12, 24, 36, 48, 60, 72, 84, 96, 108, 120, 132, 144, 156, 168, 180)",46,63,189,288.2603,Alb-SO,723.75,1447.5,High,Unclear,0.5,Mixture,34,Adult,97,12,Neurocysticercosis,Infected,Various Epileptic Drugs,Yes,288.2603,ng/ml,No conversion required
Multiple,Single,"c(0, 12, 24, 36, 48, 60, 72, 84, 96, 108, 120, 132, 144, 156, 168, 180)",46,63,190,242.7196,Alb-SO,723.75,1447.5,High,Unclear,0.5,Mixture,34,Adult,97,12,Neurocysticercosis,Infected,Various Epileptic Drugs,Yes,242.7196,ng/ml,No conversion required
Multiple,Single,"c(0, 12, 24, 36, 48, 60, 72, 84, 96, 108, 120, 132, 144, 156, 168, 180)",46,63,191,223.9691,Alb-SO,723.75,1447.5,High,Unclear,0.5,Mixture,34,Adult,97,12,Neurocysticercosis,Infected,Various Epileptic Drugs,Yes,223.9691,ng/ml,No conversion required
Multiple,Single,"c(0, 12, 24, 36, 48, 60, 72, 84, 96, 108, 120, 132, 144, 156, 168, 180)",46,63,192,204.552,Alb-SO,723.75,1447.5,High,Unclear,0.5,Mixture,34,Adult,97,12,Neurocysticercosis,Infected,Various Epileptic Drugs,Yes,204.552,ng/ml,No conversion required
Multiple,Single,"c(0, 8, 16, 24, 32, 40, 48, 56, 64, 72, 80, 88, 96, 104, 112, 120, 128, 136, 144, 152, 160, 168, 176, 184)",47,64,184,314.6,Alb_SO,380,1140,High,Unclear,0.875,Mixture,43,Adult,76,8,Neurocysticercosis,Infected,None,None,0.3146,ug/ml,ug -> ng = * 1000
Multiple,Single,"c(0, 8, 16, 24, 32, 40, 48, 56, 64, 72, 80, 88, 96, 104, 112, 120, 128, 136, 144, 152, 160, 168, 176, 184)",47,64,185,314.7,Alb_SO,380,1140,High,Unclear,0.875,Mixture,43,Adult,76,8,Neurocysticercosis,Infected,None,None,0.3147,ug/ml,ug -> ng = * 1000
Multiple,Single,"c(0, 8, 16, 24, 32, 40, 48, 56, 64, 72, 80, 88, 96, 104, 112, 120, 128, 136, 144, 152, 160, 168, 176, 184)",47,64,186,375.2,Alb_SO,380,1140,High,Unclear,0.875,Mixture,43,Adult,76,8,Neurocysticercosis,Infected,None,None,0.3752,ug/ml,ug -> ng = * 1000
Multiple,Single,"c(0, 8, 16, 24, 32, 40, 48, 56, 64, 72, 80, 88, 96, 104, 112, 120, 128, 136, 144, 152, 160, 168, 176, 184)",47,64,187,334.4,Alb_SO,380,1140,High,Unclear,0.875,Mixture,43,Adult,76,8,Neurocysticercosis,Infected,None,None,0.3344,ug/ml,ug -> ng = * 1000
Multiple,Single,"c(0, 8, 16, 24, 32, 40, 48, 56, 64, 72, 80, 88, 96, 104, 112, 120, 128, 136, 144, 152, 160, 168, 176, 184)",47,64,188,361.8,Alb_SO,380,1140,High,Unclear,0.875,Mixture,43,Adult,76,8,Neurocysticercosis,Infected,None,None,0.3618,ug/ml,ug -> ng = * 1000
Multiple,Single,"c(0, 8, 16, 24, 32, 40, 48, 56, 64, 72, 80, 88, 96, 104, 112, 120, 128, 136, 144, 152, 160, 168, 176, 184)",47,64,189,295.7,Alb_SO,380,1140,High,Unclear,0.875,Mixture,43,Adult,76,8,Neurocysticercosis,Infected,None,None,0.2957,ug/ml,ug -> ng = * 1000
Multiple,Single,"c(0, 8, 16, 24, 32, 40, 48, 56, 64, 72, 80, 88, 96, 104, 112, 120, 128, 136, 144, 152, 160, 168, 176, 184)",47,64,190,264.6,Alb_SO,380,1140,High,Unclear,0.875,Mixture,43,Adult,76,8,Neurocysticercosis,Infected,None,None,0.2646,ug/ml,ug -> ng = * 1000
Multiple,Single,"c(0, 8, 16, 24, 32, 40, 48, 56, 64, 72, 80, 88, 96, 104, 112, 120, 128, 136, 144, 152, 160, 168, 176, 184)",47,64,191,196.6,Alb_SO,380,1140,High,Unclear,0.875,Mixture,43,Adult,76,8,Neurocysticercosis,Infected,None,None,0.1966,ug/ml,ug -> ng = * 1000
Multiple,Single,"c(0, 8, 16, 24, 32, 40, 48, 56, 64, 72, 80, 88, 96, 104, 112, 120, 128, 136, 144, 152, 160, 168, 176, 184)",47,64,192,159.7,Alb_SO,380,1140,High,Unclear,0.875,Mixture,43,Adult,76,8,Neurocysticercosis,Infected,None,None,0.1597,ug/ml,ug -> ng = * 1000
Multiple,Single,"c(0, 8, 16, 24, 32, 40, 48, 56, 64, 72, 80, 88, 96, 104, 112, 120, 128, 136, 144, 152, 160, 168, 176, 184)",47,65,184,600.7,Alb_SO,320,960,High,Unclear,0.375,Mixture,35,Adult,64,8,Neurocysticercosis,Infected,Dexamethasone,Yes,0.6007,ug/ml,ug -> ng = * 1000
Multiple,Single,"c(0, 8, 16, 24, 32, 40, 48, 56, 64, 72, 80, 88, 96, 104, 112, 120, 128, 136, 144, 152, 160, 168, 176, 184)",47,65,185,618.5,Alb_SO,320,960,High,Unclear,0.375,Mixture,35,Adult,64,8,Neurocysticercosis,Infected,Dexamethasone,Yes,0.6185,ug/ml,ug -> ng = * 1000
Multiple,Single,"c(0, 8, 16, 24, 32, 40, 48, 56, 64, 72, 80, 88, 96, 104, 112, 120, 128, 136, 144, 152, 160, 168, 176, 184)",47,65,186,713.9,Alb_SO,320,960,High,Unclear,0.375,Mixture,35,Adult,64,8,Neurocysticercosis,Infected,Dexamethasone,Yes,0.7139,ug/ml,ug -> ng = * 1000
Multiple,Single,"c(0, 8, 16, 24, 32, 40, 48, 56, 64, 72, 80, 88, 96, 104, 112, 120, 128, 136, 144, 152, 160, 168, 176, 184)",47,65,187,846,Alb_SO,320,960,High,Unclear,0.375,Mixture,35,Adult,64,8,Neurocysticercosis,Infected,Dexamethasone,Yes,0.846,ug/ml,ug -> ng = * 1000
Multiple,Single,"c(0, 8, 16, 24, 32, 40, 48, 56, 64, 72, 80, 88, 96, 104, 112, 120, 128, 136, 144, 152, 160, 168, 176, 184)",47,65,188,749.4,Alb_SO,320,960,High,Unclear,0.375,Mixture,35,Adult,64,8,Neurocysticercosis,Infected,Dexamethasone,Yes,0.7494,ug/ml,ug -> ng = * 1000
Multiple,Single,"c(0, 8, 16, 24, 32, 40, 48, 56, 64, 72, 80, 88, 96, 104, 112, 120, 128, 136, 144, 152, 160, 168, 176, 184)",47,65,189,745.9,Alb_SO,320,960,High,Unclear,0.375,Mixture,35,Adult,64,8,Neurocysticercosis,Infected,Dexamethasone,Yes,0.7459,ug/ml,ug -> ng = * 1000
Multiple,Single,"c(0, 8, 16, 24, 32, 40, 48, 56, 64, 72, 80, 88, 96, 104, 112, 120, 128, 136, 144, 152, 160, 168, 176, 184)",47,65,190,620,Alb_SO,320,960,High,Unclear,0.375,Mixture,35,Adult,64,8,Neurocysticercosis,Infected,Dexamethasone,Yes,0.62,ug/ml,ug -> ng = * 1000
Multiple,Single,"c(0, 8, 16, 24, 32, 40, 48, 56, 64, 72, 80, 88, 96, 104, 112, 120, 128, 136, 144, 152, 160, 168, 176, 184)",47,65,191,535.1,Alb_SO,320,960,High,Unclear,0.375,Mixture,35,Adult,64,8,Neurocysticercosis,Infected,Dexamethasone,Yes,0.5351,ug/ml,ug -> ng = * 1000
Multiple,Single,"c(0, 8, 16, 24, 32, 40, 48, 56, 64, 72, 80, 88, 96, 104, 112, 120, 128, 136, 144, 152, 160, 168, 176, 184)",47,65,192,467.5,Alb_SO,320,960,High,Unclear,0.375,Mixture,35,Adult,64,8,Neurocysticercosis,Infected,Dexamethasone,Yes,0.4675,ug/ml,ug -> ng = * 1000
Multiple,Single,"c(0, 8, 16, 24, 32, 40, 48, 56, 64, 72, 80, 88, 96, 104, 112, 120, 128, 136, 144, 152, 160, 168, 176, 184)",47,66,184,554.4,Alb_SO,350,1050,High,Unclear,0.625,Mixture,42,Adult,70,8,Neurocysticercosis,Infected,Dexamethasone + Cimetidine,Yes,0.5544,ug/ml,ug -> ng = * 1000
Multiple,Single,"c(0, 8, 16, 24, 32, 40, 48, 56, 64, 72, 80, 88, 96, 104, 112, 120, 128, 136, 144, 152, 160, 168, 176, 184)",47,66,185,674.3,Alb_SO,350,1050,High,Unclear,0.625,Mixture,42,Adult,70,8,Neurocysticercosis,Infected,Dexamethasone + Cimetidine,Yes,0.6743,ug/ml,ug -> ng = * 1000
Multiple,Single,"c(0, 8, 16, 24, 32, 40, 48, 56, 64, 72, 80, 88, 96, 104, 112, 120, 128, 136, 144, 152, 160, 168, 176, 184)",47,66,186,899.6,Alb_SO,350,1050,High,Unclear,0.625,Mixture,42,Adult,70,8,Neurocysticercosis,Infected,Dexamethasone + Cimetidine,Yes,0.8996,ug/ml,ug -> ng = * 1000
Multiple,Single,"c(0, 8, 16, 24, 32, 40, 48, 56, 64, 72, 80, 88, 96, 104, 112, 120, 128, 136, 144, 152, 160, 168, 176, 184)",47,66,187,966.7,Alb_SO,350,1050,High,Unclear,0.625,Mixture,42,Adult,70,8,Neurocysticercosis,Infected,Dexamethasone + Cimetidine,Yes,0.9667,ug/ml,ug -> ng = * 1000
Multiple,Single,"c(0, 8, 16, 24, 32, 40, 48, 56, 64, 72, 80, 88, 96, 104, 112, 120, 128, 136, 144, 152, 160, 168, 176, 184)",47,66,188,809.4,Alb_SO,350,1050,High,Unclear,0.625,Mixture,42,Adult,70,8,Neurocysticercosis,Infected,Dexamethasone + Cimetidine,Yes,0.8094,ug/ml,ug -> ng = * 1000
Multiple,Single,"c(0, 8, 16, 24, 32, 40, 48, 56, 64, 72, 80, 88, 96, 104, 112, 120, 128, 136, 144, 152, 160, 168, 176, 184)",47,66,189,708.6,Alb_SO,350,1050,High,Unclear,0.625,Mixture,42,Adult,70,8,Neurocysticercosis,Infected,Dexamethasone + Cimetidine,Yes,0.7086,ug/ml,ug -> ng = * 1000
Multiple,Single,"c(0, 8, 16, 24, 32, 40, 48, 56, 64, 72, 80, 88, 96, 104, 112, 120, 128, 136, 144, 152, 160, 168, 176, 184)",47,66,190,625.3,Alb_SO,350,1050,High,Unclear,0.625,Mixture,42,Adult,70,8,Neurocysticercosis,Infected,Dexamethasone + Cimetidine,Yes,0.6253,ug/ml,ug -> ng = * 1000
Multiple,Single,"c(0, 8, 16, 24, 32, 40, 48, 56, 64, 72, 80, 88, 96, 104, 112, 120, 128, 136, 144, 152, 160, 168, 176, 184)",47,66,191,548,Alb_SO,350,1050,High,Unclear,0.625,Mixture,42,Adult,70,8,Neurocysticercosis,Infected,Dexamethasone + Cimetidine,Yes,0.548,ug/ml,ug -> ng = * 1000
Multiple,Single,"c(0, 8, 16, 24, 32, 40, 48, 56, 64, 72, 80, 88, 96, 104, 112, 120, 128, 136, 144, 152, 160, 168, 176, 184)",47,66,192,501.9,Alb_SO,350,1050,High,Unclear,0.625,Mixture,42,Adult,70,8,Neurocysticercosis,Infected,Dexamethasone + Cimetidine,Yes,0.5019,ug/ml,ug -> ng = * 1000
Multiple,Single,"c(0, 8, 16, 24, 32, 40, 48, 56, 64, 72, 80, 88, 96, 104, 112, 120, 128, 136, 144, 152, 160, 168, 176, 184)",55,67,184,48.8689,Alb_SO,324.5,973.5,High,Unclear,1,Male,27,Adult,64.9,1,Neurocysticercosis,Infected,Phenytoin and Dexamethosone,Yes,48.8689,ng/ml,No conversion required
Multiple,Single,"c(0, 8, 16, 24, 32, 40, 48, 56, 64, 72, 80, 88, 96, 104, 112, 120, 128, 136, 144, 152, 160, 168, 176, 184)",55,67,184.5,55.6825,Alb_SO,324.5,973.5,High,Unclear,1,Male,27,Adult,64.9,1,Neurocysticercosis,Infected,Phenytoin and Dexamethosone,Yes,55.6825,ng/ml,No conversion required
Multiple,Single,"c(0, 8, 16, 24, 32, 40, 48, 56, 64, 72, 80, 88, 96, 104, 112, 120, 128, 136, 144, 152, 160, 168, 176, 184)",55,67,185,64.7268,Alb_SO,324.5,973.5,High,Unclear,1,Male,27,Adult,64.9,1,Neurocysticercosis,Infected,Phenytoin and Dexamethosone,Yes,64.7268,ng/ml,No conversion required
Multiple,Single,"c(0, 8, 16, 24, 32, 40, 48, 56, 64, 72, 80, 88, 96, 104, 112, 120, 128, 136, 144, 152, 160, 168, 176, 184)",55,67,185.5,79.1041,Alb_SO,324.5,973.5,High,Unclear,1,Male,27,Adult,64.9,1,Neurocysticercosis,Infected,Phenytoin and Dexamethosone,Yes,79.1041,ng/ml,No conversion required
Multiple,Single,"c(0, 8, 16, 24, 32, 40, 48, 56, 64, 72, 80, 88, 96, 104, 112, 120, 128, 136, 144, 152, 160, 168, 176, 184)",55,67,186,91.0392,Alb_SO,324.5,973.5,High,Unclear,1,Male,27,Adult,64.9,1,Neurocysticercosis,Infected,Phenytoin and Dexamethosone,Yes,91.0392,ng/ml,No conversion required
Multiple,Single,"c(0, 8, 16, 24, 32, 40, 48, 56, 64, 72, 80, 88, 96, 104, 112, 120, 128, 136, 144, 152, 160, 168, 176, 184)",55,67,187,106.0058,Alb_SO,324.5,973.5,High,Unclear,1,Male,27,Adult,64.9,1,Neurocysticercosis,Infected,Phenytoin and Dexamethosone,Yes,106.0058,ng/ml,No conversion required
Multiple,Single,"c(0, 8, 16, 24, 32, 40, 48, 56, 64, 72, 80, 88, 96, 104, 112, 120, 128, 136, 144, 152, 160, 168, 176, 184)",55,67,188,94.7245,Alb_SO,324.5,973.5,High,Unclear,1,Male,27,Adult,64.9,1,Neurocysticercosis,Infected,Phenytoin and Dexamethosone,Yes,94.7245,ng/ml,No conversion required
Multiple,Single,"c(0, 8, 16, 24, 32, 40, 48, 56, 64, 72, 80, 88, 96, 104, 112, 120, 128, 136, 144, 152, 160, 168, 176, 184)",55,67,189,81.2124,Alb_SO,324.5,973.5,High,Unclear,1,Male,27,Adult,64.9,1,Neurocysticercosis,Infected,Phenytoin and Dexamethosone,Yes,81.2124,ng/ml,No conversion required
Multiple,Single,"c(0, 8, 16, 24, 32, 40, 48, 56, 64, 72, 80, 88, 96, 104, 112, 120, 128, 136, 144, 152, 160, 168, 176, 184)",55,67,190,69.0446,Alb_SO,324.5,973.5,High,Unclear,1,Male,27,Adult,64.9,1,Neurocysticercosis,Infected,Phenytoin and Dexamethosone,Yes,69.0446,ng/ml,No conversion required
Multiple,Single,"c(0, 8, 16, 24, 32, 40, 48, 56, 64, 72, 80, 88, 96, 104, 112, 120, 128, 136, 144, 152, 160, 168, 176, 184)",55,67,191,60.4331,Alb_SO,324.5,973.5,High,Unclear,1,Male,27,Adult,64.9,1,Neurocysticercosis,Infected,Phenytoin and Dexamethosone,Yes,60.4331,ng/ml,No conversion required
Multiple,Single,"c(0, 8, 16, 24, 32, 40, 48, 56, 64, 72, 80, 88, 96, 104, 112, 120, 128, 136, 144, 152, 160, 168, 176, 184)",55,67,192,54.0414,Alb_SO,324.5,973.5,High,Unclear,1,Male,27,Adult,64.9,1,Neurocysticercosis,Infected,Phenytoin and Dexamethosone,Yes,54.0414,ng/ml,No conversion required
Multiple,Single,"c(0, 8, 16, 24, 32, 40, 48, 56, 64, 72, 80, 88, 96, 104, 112, 120, 128, 136, 144, 152, 160, 168, 176, 184)",55,67,194,35.2515,Alb_SO,324.5,973.5,High,Unclear,1,Male,27,Adult,64.9,1,Neurocysticercosis,Infected,Phenytoin and Dexamethosone,Yes,35.2515,ng/ml,No conversion required
Multiple,Single,"c(0, 8, 16, 24, 32, 40, 48, 56, 64, 72, 80, 88, 96, 104, 112, 120, 128, 136, 144, 152, 160, 168, 176, 184)",55,67,196,27.1479,Alb_SO,324.5,973.5,High,Unclear,1,Male,27,Adult,64.9,1,Neurocysticercosis,Infected,Phenytoin and Dexamethosone,Yes,27.1479,ng/ml,No conversion required
Multiple,Single,"c(0, 8, 16, 24, 32, 40, 48, 56, 64, 72, 80, 88, 96, 104, 112, 120, 128, 136, 144, 152, 160, 168, 176, 184)",56,68,184,232.8685,Alb_SO,339,1017,High,Unclear,0.454545455,Mixture,40,Adult,67.8,11,Neurocysticercosis,Infected,"Phenytoin, Dexamethasone and H2 Receptor Agonists",Yes,232.8685,ng/ml,No conversion required
Multiple,Single,"c(0, 8, 16, 24, 32, 40, 48, 56, 64, 72, 80, 88, 96, 104, 112, 120, 128, 136, 144, 152, 160, 168, 176, 184)",56,68,184.5,268.8208,Alb_SO,339,1017,High,Unclear,0.454545455,Mixture,40,Adult,67.8,11,Neurocysticercosis,Infected,"Phenytoin, Dexamethasone and H2 Receptor Agonists",Yes,268.8208,ng/ml,No conversion required
Multiple,Single,"c(0, 8, 16, 24, 32, 40, 48, 56, 64, 72, 80, 88, 96, 104, 112, 120, 128, 136, 144, 152, 160, 168, 176, 184)",56,68,185,313.3127,Alb_SO,339,1017,High,Unclear,0.454545455,Mixture,40,Adult,67.8,11,Neurocysticercosis,Infected,"Phenytoin, Dexamethasone and H2 Receptor Agonists",Yes,313.3127,ng/ml,No conversion required
Multiple,Single,"c(0, 8, 16, 24, 32, 40, 48, 56, 64, 72, 80, 88, 96, 104, 112, 120, 128, 136, 144, 152, 160, 168, 176, 184)",56,68,185.5,328.018,Alb_SO,339,1017,High,Unclear,0.454545455,Mixture,40,Adult,67.8,11,Neurocysticercosis,Infected,"Phenytoin, Dexamethasone and H2 Receptor Agonists",Yes,328.018,ng/ml,No conversion required
Multiple,Single,"c(0, 8, 16, 24, 32, 40, 48, 56, 64, 72, 80, 88, 96, 104, 112, 120, 128, 136, 144, 152, 160, 168, 176, 184)",56,68,186,353.2065,Alb_SO,339,1017,High,Unclear,0.454545455,Mixture,40,Adult,67.8,11,Neurocysticercosis,Infected,"Phenytoin, Dexamethasone and H2 Receptor Agonists",Yes,353.2065,ng/ml,No conversion required
Multiple,Single,"c(0, 8, 16, 24, 32, 40, 48, 56, 64, 72, 80, 88, 96, 104, 112, 120, 128, 136, 144, 152, 160, 168, 176, 184)",56,68,187,333.4289,Alb_SO,339,1017,High,Unclear,0.454545455,Mixture,40,Adult,67.8,11,Neurocysticercosis,Infected,"Phenytoin, Dexamethasone and H2 Receptor Agonists",Yes,333.4289,ng/ml,No conversion required
Multiple,Single,"c(0, 8, 16, 24, 32, 40, 48, 56, 64, 72, 80, 88, 96, 104, 112, 120, 128, 136, 144, 152, 160, 168, 176, 184)",56,68,188,316.2545,Alb_SO,339,1017,High,Unclear,0.454545455,Mixture,40,Adult,67.8,11,Neurocysticercosis,Infected,"Phenytoin, Dexamethasone and H2 Receptor Agonists",Yes,316.2545,ng/ml,No conversion required
Multiple,Single,"c(0, 8, 16, 24, 32, 40, 48, 56, 64, 72, 80, 88, 96, 104, 112, 120, 128, 136, 144, 152, 160, 168, 176, 184)",56,68,189,284.429,Alb_SO,339,1017,High,Unclear,0.454545455,Mixture,40,Adult,67.8,11,Neurocysticercosis,Infected,"Phenytoin, Dexamethasone and H2 Receptor Agonists",Yes,284.429,ng/ml,No conversion required
Multiple,Single,"c(0, 8, 16, 24, 32, 40, 48, 56, 64, 72, 80, 88, 96, 104, 112, 120, 128, 136, 144, 152, 160, 168, 176, 184)",56,68,190,257.3608,Alb_SO,339,1017,High,Unclear,0.454545455,Mixture,40,Adult,67.8,11,Neurocysticercosis,Infected,"Phenytoin, Dexamethasone and H2 Receptor Agonists",Yes,257.3608,ng/ml,No conversion required
Multiple,Single,"c(0, 8, 16, 24, 32, 40, 48, 56, 64, 72, 80, 88, 96, 104, 112, 120, 128, 136, 144, 152, 160, 168, 176, 184)",56,68,191,232.3064,Alb_SO,339,1017,High,Unclear,0.454545455,Mixture,40,Adult,67.8,11,Neurocysticercosis,Infected,"Phenytoin, Dexamethasone and H2 Receptor Agonists",Yes,232.3064,ng/ml,No conversion required
Multiple,Single,"c(0, 8, 16, 24, 32, 40, 48, 56, 64, 72, 80, 88, 96, 104, 112, 120, 128, 136, 144, 152, 160, 168, 176, 184)",56,68,192,221.5175,Alb_SO,339,1017,High,Unclear,0.454545455,Mixture,40,Adult,67.8,11,Neurocysticercosis,Infected,"Phenytoin, Dexamethasone and H2 Receptor Agonists",Yes,221.5175,ng/ml,No conversion required
Multiple,Single,"c(0, 8, 16, 24, 32, 40, 48, 56, 64, 72, 80, 88, 96, 104, 112, 120, 128, 136, 144, 152, 160, 168, 176, 184)",56,68,194,189.807,Alb_SO,339,1017,High,Unclear,0.454545455,Mixture,40,Adult,67.8,11,Neurocysticercosis,Infected,"Phenytoin, Dexamethasone and H2 Receptor Agonists",Yes,189.807,ng/ml,No conversion required
Multiple,Single,"c(0, 8, 16, 24, 32, 40, 48, 56, 64, 72, 80, 88, 96, 104, 112, 120, 128, 136, 144, 152, 160, 168, 176, 184)",56,68,196,165.1416,Alb_SO,339,1017,High,Unclear,0.454545455,Mixture,40,Adult,67.8,11,Neurocysticercosis,Infected,"Phenytoin, Dexamethasone and H2 Receptor Agonists",Yes,165.1416,ng/ml,No conversion required
Multiple,Multiple,"c(0, 24, 48)",61,69,4,512,AlbSO,800,800,High,Fatty_meal,1,Male,60.5,Adult,37,18,Onchocerciasis,Infected,None,None,0.512,mg/l,"Conv = *10^6 for mg -> ng, but /10^3 for l -> ml, overall * 1000"
Multiple,Multiple,"c(0, 24, 48)",61,69,8,492.5,AlbSO,800,800,High,Fatty_meal,1,Male,60.5,Adult,37,18,Onchocerciasis,Infected,None,None,0.4925,mg/l,"Conv = *10^6 for mg -> ng, but /10^3 for l -> ml, overall * 1001"
Multiple,Multiple,"c(0, 24, 48)",61,69,24,258,AlbSO,800,800,High,Fatty_meal,1,Male,60.5,Adult,37,18,Onchocerciasis,Infected,None,None,0.258,mg/l,"Conv = *10^6 for mg -> ng, but /10^3 for l -> ml, overall * 1002"
Multiple,Multiple,"c(0, 24, 48)",61,69,48,190.2,AlbSO,800,800,High,Fatty_meal,1,Male,60.5,Adult,37,18,Onchocerciasis,Infected,None,None,0.1902,mg/l,"Conv = *10^6 for mg -> ng, but /10^3 for l -> ml, overall * 1003"
Multiple,Multiple,"c(0, 24, 48)",61,69,72,116.8,AlbSO,800,800,High,Fatty_meal,1,Male,60.5,Adult,37,18,Onchocerciasis,Infected,None,None,0.1168,mg/l,"Conv = *10^6 for mg -> ng, but /10^3 for l -> ml, overall * 1004"
Multiple,Multiple,"c(0, 24, 48)",61,70,4,551.2,AlbSO,1200,1200,High,Fatty_meal,1,Male,60.5,Adult,37,14,Onchocerciasis,Infected,None,None,0.5512,mg/l,"Conv = *10^6 for mg -> ng, but /10^3 for l -> ml, overall * 1005"
Multiple,Multiple,"c(0, 24, 48)",61,70,8,579.3,AlbSO,1200,1200,High,Fatty_meal,1,Male,60.5,Adult,37,14,Onchocerciasis,Infected,None,None,0.5793,mg/l,"Conv = *10^6 for mg -> ng, but /10^3 for l -> ml, overall * 1006"
Multiple,Multiple,"c(0, 24, 48)",61,70,24,330.8,AlbSO,1200,1200,High,Fatty_meal,1,Male,60.5,Adult,37,14,Onchocerciasis,Infected,None,None,0.3308,mg/l,"Conv = *10^6 for mg -> ng, but /10^3 for l -> ml, overall * 1007"
Multiple,Multiple,"c(0, 24, 48)",61,70,48,318.9,AlbSO,1200,1200,High,Fatty_meal,1,Male,60.5,Adult,37,14,Onchocerciasis,Infected,None,None,0.3189,mg/l,"Conv = *10^6 for mg -> ng, but /10^3 for l -> ml, overall * 1008"
Multiple,Multiple,"c(0, 24, 48)",61,70,72,211.9,AlbSO,1200,1200,High,Fatty_meal,1,Male,60.5,Adult,37,14,Onchocerciasis,Infected,None,None,0.2119,mg/l,"Conv = *10^6 for mg -> ng, but /10^3 for l -> ml, overall * 1009"
Multiple,Multiple,"c(0, 0, 6)",29,71,0,0,Alb-SO,200,600,High,Unclear,NA,NA,NA,Adult,NA,1,Hydatid,Infected,None,None,0,ug/ml,ug -> ng = * 1000
Multiple,Multiple,"c(0, 0, 6)",29,71,1,182.4,Alb-SO,200,600,High,Unclear,NA,NA,NA,Adult,NA,1,Hydatid,Infected,None,None,0.1824,ug/ml,ug -> ng = * 1000
Multiple,Multiple,"c(0, 0, 6)",29,71,2,459.3,Alb-SO,200,600,High,Unclear,NA,NA,NA,Adult,NA,1,Hydatid,Infected,None,None,0.4593,ug/ml,ug -> ng = * 1000
Multiple,Multiple,"c(0, 0, 6)",29,71,4,254.5,Alb-SO,200,600,High,Unclear,NA,NA,NA,Adult,NA,1,Hydatid,Infected,None,None,0.2545,ug/ml,ug -> ng = * 1000
Multiple,Multiple,"c(0, 0, 6)",29,71,8,488.8,Alb-SO,200,600,High,Unclear,NA,NA,NA,Adult,NA,1,Hydatid,Infected,None,None,0.4888,ug/ml,ug -> ng = * 1000
Multiple,Multiple,"c(0, 0, 6)",29,71,12,156.7,Alb-SO,200,600,High,Unclear,NA,NA,NA,Adult,NA,1,Hydatid,Infected,None,None,0.1567,ug/ml,ug -> ng = * 1000
Multiple,Multiple,"c(0, 0, 6)",29,71,21,62.8,Alb-SO,200,600,High,Unclear,NA,NA,NA,Adult,NA,1,Hydatid,Infected,None,None,0.0628,ug/ml,ug -> ng = * 1000
Multiple,Multiple,"c(0, 0, 6)",29,71,24,111.3,Alb-SO,200,600,High,Unclear,NA,NA,NA,Adult,NA,1,Hydatid,Infected,None,None,0.1113,ug/ml,ug -> ng = * 1000
Multiple,Multiple,"c(0, 0, 10)",29,72,0,0,Alb-SO,200,600,High,Unclear,NA,NA,NA,Adult,NA,1,Hydatid,Infected,None,None,0,ug/ml,ug -> ng = * 1000
Multiple,Multiple,"c(0, 0, 10)",29,72,1,148.7,Alb-SO,200,600,High,Unclear,NA,NA,NA,Adult,NA,1,Hydatid,Infected,None,None,0.1487,ug/ml,ug -> ng = * 1000
Multiple,Multiple,"c(0, 0, 10)",29,72,2,257,Alb-SO,200,600,High,Unclear,NA,NA,NA,Adult,NA,1,Hydatid,Infected,None,None,0.257,ug/ml,ug -> ng = * 1000
Multiple,Multiple,"c(0, 0, 10)",29,72,4,544.4,Alb-SO,200,600,High,Unclear,NA,NA,NA,Adult,NA,1,Hydatid,Infected,None,None,0.5444,ug/ml,ug -> ng = * 1000
Multiple,Multiple,"c(0, 0, 10)",29,72,8,360.7,Alb-SO,200,600,High,Unclear,NA,NA,NA,Adult,NA,1,Hydatid,Infected,None,None,0.3607,ug/ml,ug -> ng = * 1000
Multiple,Multiple,"c(0, 0, 10)",29,72,10,398.6,Alb-SO,200,600,High,Unclear,NA,NA,NA,Adult,NA,1,Hydatid,Infected,None,None,0.3986,ug/ml,ug -> ng = * 1000
Multiple,Multiple,"c(0, 0, 10)",29,72,12,443.3,Alb-SO,200,600,High,Unclear,NA,NA,NA,Adult,NA,1,Hydatid,Infected,None,None,0.4433,ug/ml,ug -> ng = * 1000
Multiple,Multiple,"c(0, 0, 10)",29,72,14,1050.8,Alb-SO,200,600,High,Unclear,NA,NA,NA,Adult,NA,1,Hydatid,Infected,None,None,1.0508,ug/ml,ug -> ng = * 1000
Multiple,Multiple,"c(0, 0, 10)",29,72,18,684.8,Alb-SO,200,600,High,Unclear,NA,NA,NA,Adult,NA,1,Hydatid,Infected,None,None,0.6848,ug/ml,ug -> ng = * 1000
Multiple,Multiple,"c(0, 0, 10)",29,72,21,487.5,Alb-SO,200,600,High,Unclear,NA,NA,NA,Adult,NA,1,Hydatid,Infected,None,None,0.4875,ug/ml,ug -> ng = * 1000
Multiple,Multiple,"c(0, 7, 13)",29,73,0,0,Alb-SO,200,600,High,Unclear,NA,NA,NA,Adult,NA,1,Hydatid,Infected,None,None,0,ug/ml,ug -> ng = * 1000
Multiple,Multiple,"c(0, 7, 13)",29,73,2,192.9,Alb-SO,200,600,High,Unclear,NA,NA,NA,Adult,NA,1,Hydatid,Infected,None,None,0.1929,ug/ml,ug -> ng = * 1000
Multiple,Multiple,"c(0, 7, 13)",29,73,4,291.6,Alb-SO,200,600,High,Unclear,NA,NA,NA,Adult,NA,1,Hydatid,Infected,None,None,0.2916,ug/ml,ug -> ng = * 1000
Multiple,Multiple,"c(0, 7, 13)",29,73,6,289,Alb-SO,200,600,High,Unclear,NA,NA,NA,Adult,NA,1,Hydatid,Infected,None,None,0.289,ug/ml,ug -> ng = * 1000
Multiple,Multiple,"c(0, 7, 13)",29,73,8,1017.9,Alb-SO,200,600,High,Unclear,NA,NA,NA,Adult,NA,1,Hydatid,Infected,None,None,1.0179,ug/ml,ug -> ng = * 1000
Multiple,Multiple,"c(0, 7, 13)",29,73,10,1082.9,Alb-SO,200,600,High,Unclear,NA,NA,NA,Adult,NA,1,Hydatid,Infected,None,None,1.0829,ug/ml,ug -> ng = * 1000
Multiple,Multiple,"c(0, 7, 13)",29,73,12,989.3,Alb-SO,200,600,High,Unclear,NA,NA,NA,Adult,NA,1,Hydatid,Infected,None,None,0.9893,ug/ml,ug -> ng = * 1000
Multiple,Multiple,"c(0, 7, 13)",29,73,14,1310.4,Alb-SO,200,600,High,Unclear,NA,NA,NA,Adult,NA,1,Hydatid,Infected,None,None,1.3104,ug/ml,ug -> ng = * 1000
Multiple,Multiple,"c(0, 7, 13)",29,73,16,1270.7,Alb-SO,200,600,High,Unclear,NA,NA,NA,Adult,NA,1,Hydatid,Infected,None,None,1.2707,ug/ml,ug -> ng = * 1000
Multiple,Multiple,"c(0, 7, 13)",29,73,18,1180.8,Alb-SO,200,600,High,Unclear,NA,NA,NA,Adult,NA,1,Hydatid,Infected,None,None,1.1808,ug/ml,ug -> ng = * 1000
Multiple,Multiple,"c(0, 7, 13)",29,73,22,1000.3,Alb-SO,200,600,High,Unclear,NA,NA,NA,Adult,NA,1,Hydatid,Infected,None,None,1.0003,ug/ml,ug -> ng = * 1000
Multiple,Multiple,"c(0, 7, 13)",29,73,24,930.3,Alb-SO,200,600,High,Unclear,NA,NA,NA,Adult,NA,1,Hydatid,Infected,None,None,0.9303,ug/ml,ug -> ng = * 1000
Multiple,Multiple,"c(0, 7, 13)",29,74,0,0,Alb-SO,200,600,High,Unclear,NA,NA,NA,Adult,NA,1,Hydatid,Infected,None,None,0,ug/ml,ug -> ng = * 1000
Multiple,Multiple,"c(0, 7, 13)",29,74,1,57.7,Alb-SO,200,600,High,Unclear,NA,NA,NA,Adult,NA,1,Hydatid,Infected,None,None,0.0577,ug/ml,ug -> ng = * 1000
Multiple,Multiple,"c(0, 7, 13)",29,74,3,126.1,Alb-SO,200,600,High,Unclear,NA,NA,NA,Adult,NA,1,Hydatid,Infected,None,None,0.1261,ug/ml,ug -> ng = * 1000
Multiple,Multiple,"c(0, 7, 13)",29,74,5,89.8,Alb-SO,200,600,High,Unclear,NA,NA,NA,Adult,NA,1,Hydatid,Infected,None,None,0.0898,ug/ml,ug -> ng = * 1000
Multiple,Multiple,"c(0, 7, 13)",29,74,7,208.6,Alb-SO,200,600,High,Unclear,NA,NA,NA,Adult,NA,1,Hydatid,Infected,None,None,0.2086,ug/ml,ug -> ng = * 1000
Multiple,Multiple,"c(0, 7, 13)",29,74,12,92.7,Alb-SO,200,600,High,Unclear,NA,NA,NA,Adult,NA,1,Hydatid,Infected,None,None,0.0927,ug/ml,ug -> ng = * 1000
Multiple,Multiple,"c(0, 7, 13)",29,74,16,256.2,Alb-SO,200,600,High,Unclear,NA,NA,NA,Adult,NA,1,Hydatid,Infected,None,None,0.2562,ug/ml,ug -> ng = * 1000
Multiple,Multiple,"c(0, 7, 13)",29,74,18,149.1,Alb-SO,200,600,High,Unclear,NA,NA,NA,Adult,NA,1,Hydatid,Infected,None,None,0.1491,ug/ml,ug -> ng = * 1000
Multiple,Multiple,"c(0, 0, 6)",29,75,0,0,Alb-SO,200,600,High,Unclear,NA,NA,NA,Adult,NA,1,Hydatid,Infected,None,None,0,ug/ml,ug -> ng = * 1000
Multiple,Multiple,"c(0, 0, 6)",29,75,1,27.4,Alb-SO,200,600,High,Unclear,NA,NA,NA,Adult,NA,1,Hydatid,Infected,None,None,0.0274,ug/ml,ug -> ng = * 1000
Multiple,Multiple,"c(0, 0, 6)",29,75,4,365.7,Alb-SO,200,600,High,Unclear,NA,NA,NA,Adult,NA,1,Hydatid,Infected,None,None,0.3657,ug/ml,ug -> ng = * 1000
Multiple,Multiple,"c(0, 0, 6)",29,75,8,893.2,Alb-SO,200,600,High,Unclear,NA,NA,NA,Adult,NA,1,Hydatid,Infected,None,None,0.8932,ug/ml,ug -> ng = * 1000
Multiple,Multiple,"c(0, 0, 6)",29,75,12,291.5,Alb-SO,200,600,High,Unclear,NA,NA,NA,Adult,NA,1,Hydatid,Infected,None,None,0.2915,ug/ml,ug -> ng = * 1000
Multiple,Multiple,"c(0, 0, 6)",29,75,21,32.5,Alb-SO,200,600,High,Unclear,NA,NA,NA,Adult,NA,1,Hydatid,Infected,None,None,0.0325,ug/ml,ug -> ng = * 1000
Multiple,Multiple,"c(0, 0, 6)",29,75,24,43.9,Alb-SO,200,600,High,Unclear,NA,NA,NA,Adult,NA,1,Hydatid,Infected,None,None,0.0439,ug/ml,ug -> ng = * 1000
Multiple,Multiple,"c(0, 24, 48, 72, 96, 120, 144, 168, 192, 216, 240, 264, 288, 312, 336, 360)",32,76,0,0,Alb-SO,800,800,High,Fasted,0.666666667,Mixture,30,Adult,67.7,12,None,None,None,None,0,ng/ml,No conversion required
Multiple,Multiple,"c(0, 24, 48, 72, 96, 120, 144, 168, 192, 216, 240, 264, 288, 312, 336, 360)",32,76,1,323.0663,Alb-SO,800,800,High,Fasted,0.666666667,Mixture,30,Adult,67.7,12,None,None,None,None,323.0663,ng/ml,No conversion required
Multiple,Multiple,"c(0, 24, 48, 72, 96, 120, 144, 168, 192, 216, 240, 264, 288, 312, 336, 360)",32,76,2,724.7368,Alb-SO,800,800,High,Fasted,0.666666667,Mixture,30,Adult,67.7,12,None,None,None,None,724.7368,ng/ml,No conversion required
Multiple,Multiple,"c(0, 24, 48, 72, 96, 120, 144, 168, 192, 216, 240, 264, 288, 312, 336, 360)",32,76,3,380.5948,Alb-SO,800,800,High,Fasted,0.666666667,Mixture,30,Adult,67.7,12,None,None,None,None,380.5948,ng/ml,No conversion required
Multiple,Multiple,"c(0, 24, 48, 72, 96, 120, 144, 168, 192, 216, 240, 264, 288, 312, 336, 360)",32,76,4,384.2803,Alb-SO,800,800,High,Fasted,0.666666667,Mixture,30,Adult,67.7,12,None,None,None,None,384.2803,ng/ml,No conversion required
Multiple,Multiple,"c(0, 24, 48, 72, 96, 120, 144, 168, 192, 216, 240, 264, 288, 312, 336, 360)",32,76,4.5,451.3371,Alb-SO,800,800,High,Fasted,0.666666667,Mixture,30,Adult,67.7,12,None,None,None,None,451.3371,ng/ml,No conversion required
Multiple,Multiple,"c(0, 24, 48, 72, 96, 120, 144, 168, 192, 216, 240, 264, 288, 312, 336, 360)",32,76,5,464.8919,Alb-SO,800,800,High,Fasted,0.666666667,Mixture,30,Adult,67.7,12,None,None,None,None,464.8919,ng/ml,No conversion required
Multiple,Multiple,"c(0, 24, 48, 72, 96, 120, 144, 168, 192, 216, 240, 264, 288, 312, 336, 360)",32,76,5.5,568.7511,Alb-SO,800,800,High,Fasted,0.666666667,Mixture,30,Adult,67.7,12,None,None,None,None,568.7511,ng/ml,No conversion required
Multiple,Multiple,"c(0, 24, 48, 72, 96, 120, 144, 168, 192, 216, 240, 264, 288, 312, 336, 360)",32,76,6,418.373,Alb-SO,800,800,High,Fasted,0.666666667,Mixture,30,Adult,67.7,12,None,None,None,None,418.373,ng/ml,No conversion required
Multiple,Multiple,"c(0, 24, 48, 72, 96, 120, 144, 168, 192, 216, 240, 264, 288, 312, 336, 360)",32,76,8,241.8141,Alb-SO,800,800,High,Fasted,0.666666667,Mixture,30,Adult,67.7,12,None,None,None,None,241.8141,ng/ml,No conversion required
Multiple,Multiple,"c(0, 24, 48, 72, 96, 120, 144, 168, 192, 216, 240, 264, 288, 312, 336, 360)",32,76,10,219.0484,Alb-SO,800,800,High,Fasted,0.666666667,Mixture,30,Adult,67.7,12,None,None,None,None,219.0484,ng/ml,No conversion required
Multiple,Multiple,"c(0, 24, 48, 72, 96, 120, 144, 168, 192, 216, 240, 264, 288, 312, 336, 360)",32,76,24,126.7454,Alb-SO,800,800,High,Fasted,0.666666667,Mixture,30,Adult,67.7,12,None,None,None,None,126.7454,ng/ml,No conversion required
Multiple,Multiple,"c(0, 24, 48, 72, 96, 120, 144, 168, 192, 216, 240, 264, 288, 312, 336, 360)",32,76,360,0,Alb-SO,800,800,High,Fasted,0.666666667,Mixture,30,Adult,67.7,12,None,None,None,None,0,ng/ml,No conversion required
Multiple,Multiple,"c(0, 24, 48, 72, 96, 120, 144, 168, 192, 216, 240, 264, 288, 312, 336, 360)",32,76,361,357.5659,Alb-SO,800,800,High,Fasted,0.666666667,Mixture,30,Adult,67.7,12,None,None,None,None,357.5659,ng/ml,No conversion required
Multiple,Multiple,"c(0, 24, 48, 72, 96, 120, 144, 168, 192, 216, 240, 264, 288, 312, 336, 360)",32,76,362,561.9192,Alb-SO,800,800,High,Fasted,0.666666667,Mixture,30,Adult,67.7,12,None,None,None,None,561.9192,ng/ml,No conversion required
Multiple,Multiple,"c(0, 24, 48, 72, 96, 120, 144, 168, 192, 216, 240, 264, 288, 312, 336, 360)",32,76,363,183.068,Alb-SO,800,800,High,Fasted,0.666666667,Mixture,30,Adult,67.7,12,None,None,None,None,183.068,ng/ml,No conversion required
Multiple,Multiple,"c(0, 24, 48, 72, 96, 120, 144, 168, 192, 216, 240, 264, 288, 312, 336, 360)",32,76,364,173.2503,Alb-SO,800,800,High,Fasted,0.666666667,Mixture,30,Adult,67.7,12,None,None,None,None,173.2503,ng/ml,No conversion required
Multiple,Multiple,"c(0, 24, 48, 72, 96, 120, 144, 168, 192, 216, 240, 264, 288, 312, 336, 360)",32,76,364.5,196.347,Alb-SO,800,800,High,Fasted,0.666666667,Mixture,30,Adult,67.7,12,None,None,None,None,196.347,ng/ml,No conversion required
Multiple,Multiple,"c(0, 24, 48, 72, 96, 120, 144, 168, 192, 216, 240, 264, 288, 312, 336, 360)",32,76,365,160.1331,Alb-SO,800,800,High,Fasted,0.666666667,Mixture,30,Adult,67.7,12,None,None,None,None,160.1331,ng/ml,No conversion required
Multiple,Multiple,"c(0, 24, 48, 72, 96, 120, 144, 168, 192, 216, 240, 264, 288, 312, 336, 360)",32,76,365.5,137.1034,Alb-SO,800,800,High,Fasted,0.666666667,Mixture,30,Adult,67.7,12,None,None,None,None,137.1034,ng/ml,No conversion required
Multiple,Multiple,"c(0, 24, 48, 72, 96, 120, 144, 168, 192, 216, 240, 264, 288, 312, 336, 360)",32,76,366,285.4109,Alb-SO,800,800,High,Fasted,0.666666667,Mixture,30,Adult,67.7,12,None,None,None,None,285.4109,ng/ml,No conversion required
Multiple,Multiple,"c(0, 24, 48, 72, 96, 120, 144, 168, 192, 216, 240, 264, 288, 312, 336, 360)",32,76,368,97.7332,Alb-SO,800,800,High,Fasted,0.666666667,Mixture,30,Adult,67.7,12,None,None,None,None,97.7332,ng/ml,No conversion required
Multiple,Multiple,"c(0, 24, 48, 72, 96, 120, 144, 168, 192, 216, 240, 264, 288, 312, 336, 360)",32,76,370,91.2729,Alb-SO,800,800,High,Fasted,0.666666667,Mixture,30,Adult,67.7,12,None,None,None,None,91.2729,ng/ml,No conversion required
Multiple,Multiple,"c(0, 24, 48, 72, 96, 120, 144, 168, 192, 216, 240, 264, 288, 312, 336, 360)",32,76,384,39.4764,Alb-SO,800,800,High,Fasted,0.666666667,Mixture,30,Adult,67.7,12,None,None,None,None,39.4764,ng/ml,No conversion required
Multiple,Multiple,"c(0, 12, 24, 36, 48, 60, 72, 84, 96, 108, 120, 132, 144, 156, 168, 180, 192, 204, 216, 228, 240, 252, 264, 276, 288, 300, 312, 324, 336, 348, 360, 372, 384, 396, 408, 420, 432, 444, 456, 468, 480, 492, 504, 416, 528, 540, 552, 564, 576, 588, 600, 612, 624, 636, 648, 660, 672, 684, 696, 708, 720, 732, 744, 756, 768, 780)",57,77,0,7.6667,Alb-SO,200,400,Low,Unclear,0,Female,11,Children,30,1,Neurocysticercosis,Infected,None,None,7.6667,ng/ml,No conversion required
Multiple,Multiple,"c(0, 12, 24, 36, 48, 60, 72, 84, 96, 108, 120, 132, 144, 156, 168, 180, 192, 204, 216, 228, 240, 252, 264, 276, 288, 300, 312, 324, 336, 348, 360, 372, 384, 396, 408, 420, 432, 444, 456, 468, 480, 492, 504, 416, 528, 540, 552, 564, 576, 588, 600, 612, 624, 636, 648, 660, 672, 684, 696, 708, 720, 732, 744, 756, 768, 780)",57,77,12,354.3237,Alb-SO,200,400,Low,Unclear,0,Female,11,Children,30,1,Neurocysticercosis,Infected,None,None,354.3237,ng/ml,No conversion required
Multiple,Multiple,"c(0, 12, 24, 36, 48, 60, 72, 84, 96, 108, 120, 132, 144, 156, 168, 180, 192, 204, 216, 228, 240, 252, 264, 276, 288, 300, 312, 324, 336, 348, 360, 372, 384, 396, 408, 420, 432, 444, 456, 468, 480, 492, 504, 416, 528, 540, 552, 564, 576, 588, 600, 612, 624, 636, 648, 660, 672, 684, 696, 708, 720, 732, 744, 756, 768, 780)",57,77,24,701.0041,Alb-SO,200,400,Low,Unclear,0,Female,11,Children,30,1,Neurocysticercosis,Infected,None,None,701.0041,ng/ml,No conversion required
Multiple,Multiple,"c(0, 12, 24, 36, 48, 60, 72, 84, 96, 108, 120, 132, 144, 156, 168, 180, 192, 204, 216, 228, 240, 252, 264, 276, 288, 300, 312, 324, 336, 348, 360, 372, 384, 396, 408, 420, 432, 444, 456, 468, 480, 492, 504, 416, 528, 540, 552, 564, 576, 588, 600, 612, 624, 636, 648, 660, 672, 684, 696, 708, 720, 732, 744, 756, 768, 780)",57,77,36,599.2757,Alb-SO,200,400,Low,Unclear,0,Female,11,Children,30,1,Neurocysticercosis,Infected,None,None,599.2757,ng/ml,No conversion required
Multiple,Multiple,"c(0, 12, 24, 36, 48, 60, 72, 84, 96, 108, 120, 132, 144, 156, 168, 180, 192, 204, 216, 228, 240, 252, 264, 276, 288, 300, 312, 324, 336, 348, 360, 372, 384, 396, 408, 420, 432, 444, 456, 468, 480, 492, 504, 416, 528, 540, 552, 564, 576, 588, 600, 612, 624, 636, 648, 660, 672, 684, 696, 708, 720, 732, 744, 756, 768, 780)",57,77,48,614.7429,Alb-SO,200,400,Low,Unclear,0,Female,11,Children,30,1,Neurocysticercosis,Infected,None,None,614.7429,ng/ml,No conversion required
Multiple,Multiple,"c(0, 12, 24, 36, 48, 60, 72, 84, 96, 108, 120, 132, 144, 156, 168, 180, 192, 204, 216, 228, 240, 252, 264, 276, 288, 300, 312, 324, 336, 348, 360, 372, 384, 396, 408, 420, 432, 444, 456, 468, 480, 492, 504, 416, 528, 540, 552, 564, 576, 588, 600, 612, 624, 636, 648, 660, 672, 684, 696, 708, 720, 732, 744, 756, 768, 780)",57,77,60,584.3511,Alb-SO,200,400,Low,Unclear,0,Female,11,Children,30,1,Neurocysticercosis,Infected,None,None,584.3511,ng/ml,No conversion required
Multiple,Multiple,"c(0, 12, 24, 36, 48, 60, 72, 84, 96, 108, 120, 132, 144, 156, 168, 180, 192, 204, 216, 228, 240, 252, 264, 276, 288, 300, 312, 324, 336, 348, 360, 372, 384, 396, 408, 420, 432, 444, 456, 468, 480, 492, 504, 416, 528, 540, 552, 564, 576, 588, 600, 612, 624, 636, 648, 660, 672, 684, 696, 708, 720, 732, 744, 756, 768, 780)",57,77,72,538.6728,Alb-SO,200,400,Low,Unclear,0,Female,11,Children,30,1,Neurocysticercosis,Infected,None,None,538.6728,ng/ml,No conversion required
Multiple,Multiple,"c(0, 12, 24, 36, 48, 60, 72, 84, 96, 108, 120, 132, 144, 156, 168, 180, 192, 204, 216, 228, 240, 252, 264, 276, 288, 300, 312, 324, 336, 348, 360, 372, 384, 396, 408, 420, 432, 444, 456, 468, 480, 492, 504, 416, 528, 540, 552, 564, 576, 588, 600, 612, 624, 636, 648, 660, 672, 684, 696, 708, 720, 732, 744, 756, 768, 780)",57,77,84,681.5189,Alb-SO,200,400,Low,Unclear,0,Female,11,Children,30,1,Neurocysticercosis,Infected,None,None,681.5189,ng/ml,No conversion required
Multiple,Multiple,"c(0, 12, 24, 36, 48, 60, 72, 84, 96, 108, 120, 132, 144, 156, 168, 180, 192, 204, 216, 228, 240, 252, 264, 276, 288, 300, 312, 324, 336, 348, 360, 372, 384, 396, 408, 420, 432, 444, 456, 468, 480, 492, 504, 416, 528, 540, 552, 564, 576, 588, 600, 612, 624, 636, 648, 660, 672, 684, 696, 708, 720, 732, 744, 756, 768, 780)",57,77,96,411.6401,Alb-SO,200,400,Low,Unclear,0,Female,11,Children,30,1,Neurocysticercosis,Infected,None,None,411.6401,ng/ml,No conversion required
Multiple,Multiple,"c(0, 12, 24, 36, 48, 60, 72, 84, 96, 108, 120, 132, 144, 156, 168, 180, 192, 204, 216, 228, 240, 252, 264, 276, 288, 300, 312, 324, 336, 348, 360, 372, 384, 396, 408, 420, 432, 444, 456, 468, 480, 492, 504, 416, 528, 540, 552, 564, 576, 588, 600, 612, 624, 636, 648, 660, 672, 684, 696, 708, 720, 732, 744, 756, 768, 780)",57,77,112,804.1798,Alb-SO,200,400,Low,Unclear,0,Female,11,Children,30,1,Neurocysticercosis,Infected,None,None,804.1798,ng/ml,No conversion required
Multiple,Multiple,"c(0, 12, 24, 36, 48, 60, 72, 84, 96, 108, 120, 132, 144, 156, 168, 180, 192, 204, 216, 228, 240, 252, 264, 276, 288, 300, 312, 324, 336, 348, 360, 372, 384, 396, 408, 420, 432, 444, 456, 468, 480, 492, 504, 416, 528, 540, 552, 564, 576, 588, 600, 612, 624, 636, 648, 660, 672, 684, 696, 708, 720, 732, 744, 756, 768, 780)",57,77,128,896.0791,Alb-SO,200,400,Low,Unclear,0,Female,11,Children,30,1,Neurocysticercosis,Infected,None,None,896.0791,ng/ml,No conversion required
Multiple,Multiple,"c(0, 12, 24, 36, 48, 60, 72, 84, 96, 108, 120, 132, 144, 156, 168, 180, 192, 204, 216, 228, 240, 252, 264, 276, 288, 300, 312, 324, 336, 348, 360, 372, 384, 396, 408, 420, 432, 444, 456, 468, 480, 492, 504, 416, 528, 540, 552, 564, 576, 588, 600, 612, 624, 636, 648, 660, 672, 684, 696, 708, 720, 732, 744, 756, 768, 780)",57,77,144,1120.4684,Alb-SO,200,400,Low,Unclear,0,Female,11,Children,30,1,Neurocysticercosis,Infected,None,None,1120.4684,ng/ml,No conversion required
Multiple,Multiple,"c(0, 12, 24, 36, 48, 60, 72, 84, 96, 108, 120, 132, 144, 156, 168, 180, 192, 204, 216, 228, 240, 252, 264, 276, 288, 300, 312, 324, 336, 348, 360, 372, 384, 396, 408, 420, 432, 444, 456, 468, 480, 492, 504, 416, 528, 540, 552, 564, 576, 588, 600, 612, 624, 636, 648, 660, 672, 684, 696, 708, 720, 732, 744, 756, 768, 780)",57,77,168,1237.8529,Alb-SO,200,400,Low,Unclear,0,Female,11,Children,30,1,Neurocysticercosis,Infected,None,None,1237.8529,ng/ml,No conversion required
Multiple,Multiple,"c(0, 12, 24, 36, 48, 60, 72, 84, 96, 108, 120, 132, 144, 156, 168, 180, 192, 204, 216, 228, 240, 252, 264, 276, 288, 300, 312, 324, 336, 348, 360, 372, 384, 396, 408, 420, 432, 444, 456, 468, 480, 492, 504, 416, 528, 540, 552, 564, 576, 588, 600, 612, 624, 636, 648, 660, 672, 684, 696, 708, 720, 732, 744, 756, 768, 780)",57,77,192,840.5716,Alb-SO,200,400,Low,Unclear,0,Female,11,Children,30,1,Neurocysticercosis,Infected,None,None,840.5716,ng/ml,No conversion required
Multiple,Multiple,"c(0, 12, 24, 36, 48, 60, 72, 84, 96, 108, 120, 132, 144, 156, 168, 180, 192, 204, 216, 228, 240, 252, 264, 276, 288, 300, 312, 324, 336, 348, 360, 372, 384, 396, 408, 420, 432, 444, 456, 468, 480, 492, 504, 416, 528, 540, 552, 564, 576, 588, 600, 612, 624, 636, 648, 660, 672, 684, 696, 708, 720, 732, 744, 756, 768, 780)",57,77,240,453.6781,Alb-SO,200,400,Low,Unclear,0,Female,11,Children,30,1,Neurocysticercosis,Infected,None,None,453.6781,ng/ml,No conversion required
Multiple,Multiple,"c(0, 12, 24, 36, 48, 60, 72, 84, 96, 108, 120, 132, 144, 156, 168, 180, 192, 204, 216, 228, 240, 252, 264, 276, 288, 300, 312, 324, 336, 348, 360, 372, 384, 396, 408, 420, 432, 444, 456, 468, 480, 492, 504, 416, 528, 540, 552, 564, 576, 588, 600, 612, 624, 636, 648, 660, 672, 684, 696, 708, 720, 732, 744, 756, 768, 780)",57,77,264,973.6044,Alb-SO,200,400,Low,Unclear,0,Female,11,Children,30,1,Neurocysticercosis,Infected,None,None,973.6044,ng/ml,No conversion required
Multiple,Multiple,"c(0, 12, 24, 36, 48, 60, 72, 84, 96, 108, 120, 132, 144, 156, 168, 180, 192, 204, 216, 228, 240, 252, 264, 276, 288, 300, 312, 324, 336, 348, 360, 372, 384, 396, 408, 420, 432, 444, 456, 468, 480, 492, 504, 416, 528, 540, 552, 564, 576, 588, 600, 612, 624, 636, 648, 660, 672, 684, 696, 708, 720, 732, 744, 756, 768, 780)",57,77,360,551.4043,Alb-SO,200,400,Low,Unclear,0,Female,11,Children,30,1,Neurocysticercosis,Infected,None,None,551.4043,ng/ml,No conversion required
Multiple,Multiple,"c(0, 12, 24, 36, 48, 60, 72, 84, 96, 108, 120, 132, 144, 156, 168, 180, 192, 204, 216, 228, 240, 252, 264, 276, 288, 300, 312, 324, 336, 348, 360, 372, 384, 396, 408, 420, 432, 444, 456, 468, 480, 492, 504, 416, 528, 540, 552, 564, 576, 588, 600, 612, 624, 636, 648, 660, 672, 684, 696, 708, 720, 732, 744, 756, 768, 780)",57,77,408,1463.8546,Alb-SO,200,400,Low,Unclear,0,Female,11,Children,30,1,Neurocysticercosis,Infected,None,None,1463.8546,ng/ml,No conversion required
Multiple,Multiple,"c(0, 12, 24, 36, 48, 60, 72, 84, 96, 108, 120, 132, 144, 156, 168, 180, 192, 204, 216, 228, 240, 252, 264, 276, 288, 300, 312, 324, 336, 348, 360, 372, 384, 396, 408, 420, 432, 444, 456, 468, 480, 492, 504, 416, 528, 540, 552, 564, 576, 588, 600, 612, 624, 636, 648, 660, 672, 684, 696, 708, 720, 732, 744, 756, 768, 780)",57,77,504,1862.0324,Alb-SO,200,400,Low,Unclear,0,Female,11,Children,30,1,Neurocysticercosis,Infected,None,None,1862.0324,ng/ml,No conversion required
Multiple,Multiple,"c(0, 12, 24, 36, 48, 60, 72, 84, 96, 108, 120, 132, 144, 156, 168, 180, 192, 204, 216, 228, 240, 252, 264, 276, 288, 300, 312, 324, 336, 348, 360, 372, 384, 396, 408, 420, 432, 444, 456, 468, 480, 492, 504, 416, 528, 540, 552, 564, 576, 588, 600, 612, 624, 636, 648, 660, 672, 684, 696, 708, 720, 732, 744, 756, 768, 780)",57,77,600,1638.5554,Alb-SO,200,400,Low,Unclear,0,Female,11,Children,30,1,Neurocysticercosis,Infected,None,None,1638.5554,ng/ml,No conversion required
Multiple,Multiple,"c(0, 12, 24, 36, 48, 60, 72, 84, 96, 108, 120, 132, 144, 156, 168, 180, 192, 204, 216, 228, 240, 252, 264, 276, 288, 300, 312, 324, 336, 348, 360, 372, 384, 396, 408, 420, 432, 444, 456, 468, 480, 492, 504, 416, 528, 540, 552, 564, 576, 588, 600, 612, 624, 636, 648, 660, 672, 684, 696, 708, 720, 732, 744, 756, 768, 780)",57,77,696,1257.4888,Alb-SO,200,400,Low,Unclear,0,Female,11,Children,30,1,Neurocysticercosis,Infected,None,None,1257.4888,ng/ml,No conversion required
Multiple,Multiple,"c(0, 12, 24, 36, 48, 60, 72, 84, 96, 108, 120, 132, 144, 156, 168, 180, 192, 204, 216, 228, 240, 252, 264, 276, 288, 300, 312, 324, 336, 348, 360, 372, 384, 396, 408, 420, 432, 444, 456, 468, 480, 492, 504, 416, 528, 540, 552, 564, 576, 588, 600, 612, 624, 636, 648, 660, 672, 684, 696, 708, 720, 732, 744, 756, 768, 780)",57,77,744,117.0168,Alb-SO,200,400,Low,Unclear,0,Female,11,Children,30,1,Neurocysticercosis,Infected,None,None,117.0168,ng/ml,No conversion required
Multiple,Multiple,"c(0, 12, 24, 36, 48, 60, 72, 84, 96, 108, 120, 132, 144, 156, 168, 180, 192, 204, 216, 228, 240, 252, 264, 276, 288, 300, 312, 324, 336, 348, 360, 372, 384, 396, 408, 420, 432, 444, 456, 468, 480, 492, 504, 416, 528, 540, 552, 564, 576, 588, 600, 612, 624, 636, 648, 660, 672, 684, 696, 708, 720, 732, 744, 756, 768, 780)",57,77,792,71.3306,Alb-SO,200,400,Low,Unclear,0,Female,11,Children,30,1,Neurocysticercosis,Infected,None,None,71.3306,ng/ml,No conversion required
,,,,,,,,,,,,,,,,,,,,,,,,
,,,,,,,,,,,,,,,,,,,,,,,,
,,,,,,,,,,,,,,,,,,,,,,,,
,,,,,,,,,,,,,,,,,,,,,,,,
,,,,,,,,,,,,,,,,,,,,,,,,
,,,,,,,,,,,,,,,,,,,,,,,,
,,,,,,,,,,,,,,,,,,,,,,,,
,,,,,,,,,,,,,,,,,,,,,,,,
,,,,,,,,,,,,,,,,,,,,,,,,
,,,,,,,,,,,,,,,,,,,,,,,,
,,,,,,,,,,,,,,,,,,,,,,,,
,,,,,,,,,,,,,,,,,,,,,,,,
,,,,,,,,,,,,,,,,,,,,,,,,
,,,,,,,,,,,,,,,,,,,,,,,,
,,,,,,,,,,,,,,,,,,,,,,,,
,,,,,,,,,,,,,,,,,,,,,,,,
,,,,,,,,,,,,,,,,,,,,,,,,
,,,,,,,,,,,,,,,,,,,,,,,,
,,,,,,,,,,,,,,,,,,,,,,,,
,,,,,,,,,,,,,,,,,,,,,,,,
,,,,,,,,,,,,,,,,,,,,,,,,
,,,,,,,,,,,,,,,,,,,,,,,,
,,,,,,,,,,,,,,,,,,,,,,,,
,,,,,,,,,,,,,,,,,,,,,,,,
,,,,,,,,,,,,,,,,,,,,,,,,
,,,,,,,,,,,,,,,,,,,,,,,,
